Langgeng Music Digital ; Nawolo Wiso                                       ; Hani Kusuma
Langgeng Music Digital ; Blitar Banyuwangi                                 ; Nanda Sari
Langgeng Music Digital ; Ngunduh Layangan                                  ; Intan Chacha Ft. Vera Fitria
Langgeng Music Digital ; Sinden Gunung                                     ; Ribut Wahyudi
Langgeng Music Digital ; JLS Andum Roso                                    ; Jesica Cristy
Langgeng Music Digital ; Kabar Soko Taiwan                                 ; Rinvi Ananda
Langgeng Music Digital ; Omah Loji Kulon Pasar                             ; Putri Lope Lope
Langgeng Music Digital ; Ayun Ayun Gobyog                                  ; Nanda Sari Ft. Hani Kusuma
Langgeng Music Digital ; Lesung Jumengglung                                ; Vera Fitria
Langgeng Music Digital ; Ali Ali Putih                                     ; Intan Chacha
Langgeng Music Digital ; Rondo Anak Siji                                   ; Rinvi Ananda Ft. Ribut Wahyudi
Langgeng Music Digital ; Sarung Jagung                                     ; Putri Lope Lope
Langgeng Music Digital ; Rengu                                             ; Jesica Cristy
Langgeng Music Digital ; Rondo Banyuwangi                                  ; Hani Kusuma Ft. Ribut Wahyudi
Langgeng Music Digital ; Kawin Benjang Nopo                                ; Intan Chacha Ft. Minti Brekele
Langgeng Music Digital ; Omah Suwung                                       ; Nanda Sari
Langgeng Music Digital ; Imbangono Katresnanku                             ; Jesica Cristy
Langgeng Music Digital ; Jenang Gulo                                       ; Vera Fitria
Langgeng Music Digital ; Kembang Kopi                                      ; Intan Chacha
Langgeng Music Digital ; Bandul Kunci                                      ; Nanda Sari
Langgeng Music Digital ; Janda Baru                                        ; Rinvi Ananda Ft. Ribut Wahyudi
Langgeng Music Digital ; Gubuk Asmoro                                      ; Putri Lope Lope
Langgeng Music Digital ; Sampek Engtay                                     ; Intan Chacha Ft. Minti Brekele
Langgeng Music Digital ; LILO | Ora Nyono Ora Ngiro                        ; Hani Kusuma
Langgeng Music Digital ; Pedut Pasar Ngunut                                ; Nanda Sari
Langgeng Music Digital ; Joko Tarub Nawangwulan                            ; Jesica Cristy
Langgeng Music Digital ; Damar Wulan                                       ; Vera Fitria
Langgeng Music Digital ; Adol Sapi                                         ; Intan Chacha Ft. Minti Brekele
Langgeng Music Digital ; Lali Janjine                                      ; Rinvi Ananda
Langgeng Music Digital ; Putri Gunung                                      ; Putri Lope Lope
Langgeng Music Digital ; Prau Layar                                        ; Nanda Sari Ft. Hani Kusuma
Langgeng Music Digital ; Sholawat Badar                                    ; Vera Fitria
Langgeng Music Digital ; Joko Tingkir                                      ; Hani Kusuma
Langgeng Music Digital ; Kereto Jowo                                       ; Intan Chacha
Langgeng Music Digital ; Syiir Tanpo Waton                                 ; Nanda Sari
Langgeng Music Digital ; Lir Ilir                                          ; Hani Kusuma
Langgeng Music Digital ; Padang Bulan                                      ; Intan Chacha
Langgeng Music Digital ; Sholawat Jibril                                   ; Putri Lope Lope
Langgeng Music Digital ; Hasbunallah                                       ; Nanda Sari
Langgeng Music Digital ; Wulan Suci                                        ; Intan Chacha Ft. Vera Fitria
Langgeng Music Digital ; Mampir Ngombe                                     ; Rinvi Ananda
Langgeng Music Digital ; Turi Turi Putih                                   ; Jesica Cristy
Langgeng Music Digital ; Tombo Ati                                         ; Vera Fitria
Langgeng Music Digital ; Mulyo Uripe                                       ; Hani Kusuma
Langgeng Music Digital ; Pepeling                                          ; Nanda Sari
Langgeng Music Digital ; Sekar Kapang                                      ; Rinvi Ananda
Langgeng Music Digital ; Retno Pengasih                                    ; Jesica Cristy
Langgeng Music Digital ; Manis                                             ; Hani Kusuma Ft. Ribut Wahyudi
Langgeng Music Digital ; Tatu Tresno                                       ; Nanda Sari
Langgeng Music Digital ; Jarum Jarum                                       ; Intan Chacha Ft. Lek Doel
Langgeng Music Digital ; Gambang Suling                                    ; Putri Lope Lope
Langgeng Music Digital ; Wes Jamane                                        ; Rinvi Ananda
Langgeng Music Digital ; Ayo Ngguyu                                        ; Vera Fitria
Langgeng Music Digital ; Ketaman Asmoro                                    ; Hani Kusuma
Langgeng Music Digital ; Sawo Gletak                                       ; Vera Fitria
Langgeng Music Digital ; Kijing Miring                                     ; Intan Chacha
Langgeng Music Digital ; Kadung Tresno                                     ; Nanda Sari
Langgeng Music Digital ; Rondo Kembang                                     ; Intan Chacha Ft. Lek Doel
Langgeng Music Digital ; Salam Kangen                                      ; Hani Kusuma
Langgeng Music Digital ; Kembang Jambe                                     ; Intan Chacha
Langgeng Music Digital ; Megat Tresno                                      ; Nanda Sari
Langgeng Music Digital ; Pangatak                                          ; Intan Chacha Ft. Lek Doel
Langgeng Music Digital ; Ali Ali Watu                                      ; Hani Kusuma
Langgeng Music Digital ; Joko Mlarat                                       ; Lek Doel
Langgeng Music Digital ; Wengis                                            ; Intan Chacha
Langgeng Music Digital ; Salam Sayang                                      ; Vera Fitria
Langgeng Music Digital ; Ing Terminal Trenggalek                           ; Nanda Sari
Langgeng Music Digital ; Rabi Dulur                                        ; Intan Chacha Ft. Lek Doel
Langgeng Music Digital ; Kangene Ati                                       ; Hani Kusuma
Langgeng Music Digital ; Pupus Gedang                                      ; Nanda Sari
Langgeng Music Digital ; Kencono Wungu                                     ; Intan Chacha feat. Lek Doel
Langgeng Music Digital ; Dalang Soponyono                                  ; Vera Fitria
Langgeng Music Digital ; Putri Madiun                                      ; Lintang Kairo
Langgeng Music Digital ; Ojo Lungo                                         ; Hani Kusuma Ft. Lek Doel
Langgeng Music Digital ; Kadung Jeru                                       ; Nanda Sari
Langgeng Music Digital ; Janji Krupuk                                      ; Intan Chacha Feat. Lek Doel
Langgeng Music Digital ; Rondo Teles ( Dudo Manis )                        ; Vera Fitria
Langgeng Music Digital ; Ninggal Tresno                                    ; Lintang Kairo
Langgeng Music Digital ; Rondo Ndugal                                      ; Intan Chacha
Langgeng Music Digital ; Bung Karno Sekar Jagat                            ; Nanda Sari
Langgeng Music Digital ; Wong Ayu                                          ; Lintang Kairo
Langgeng Music Digital ; Goyang Semarang                                   ; Intan Chacha feat. Vera Fitria
Langgeng Music Digital ; Loro Ati 2                                        ; Hani Kusuma
Langgeng Music Digital ; Kacu Kuning                                       ; Nanda Sari
Langgeng Music Digital ; Jangkrik Genggong                                 ; Intan Chacha
Langgeng Music Digital ; Leda Lede                                         ; Lintang Kairo
Langgeng Music Digital ; Ora Tau Mulih                                     ; Hani Kusuma
Langgeng Music Digital ; Lencir Kuning                                     ; Nanda Sari
Langgeng Music Digital ; Ngrentengi Wedokan                                ; Intan Chacha Feat. Lek Doel
Langgeng Music Digital ; Podang Kuning                                     ; Lintang Kairo
Langgeng Music Digital ; Ngudoroso                                         ; Nanda Sari
Langgeng Music Digital ; Kacu Biru                                         ; Intan Chacha
Langgeng Music Digital ; Banyuwangi Pacitan                                ; Lintang Kairo
Langgeng Music Digital ; Sesideman                                         ; Hani Kusuma
Langgeng Music Digital ; Jalak Putih                                       ; Nanda Sari
Langgeng Music Digital ; Gelang Kalung                                     ; Vera Fitria
Langgeng Music Digital ; Waru Doyong                                       ; Intan Chacha
Langgeng Music Digital ; Ilange Gelang Kalung                              ; Hani Kusuma
Langgeng Music Digital ; Dadi Ati                                          ; Lintang Kairo
Langgeng Music Digital ; Pertelon Pungkruk                                 ; Nanda Sari
Langgeng Music Digital ; Rujak Uleg                                        ; Vera Fitria
Langgeng Music Digital ; Kalung Putih                                      ; Intan Chacha
Langgeng Music Digital ; Mugo Nyawiji                                      ; Lintang Kairo
Langgeng Music Digital ; Marem                                             ; Hani Kusuma
Langgeng Music Digital ; Loro Tresno                                       ; Nanda Sari
Langgeng Music Digital ; Palupi                                            ; Vera Fitria
Langgeng Music Digital ; Manuk Sakti                                       ; Intan Chacha feat. Lek Doel
Langgeng Music Digital ; Salam Kerong                                      ; Lintang Kairo
Langgeng Music Digital ; Leyeh Leyeh                                       ; Hani Kusuma
Langgeng Music Digital ; Selendang Sutro Kuning                            ; Nanda Sari
Langgeng Music Digital ; Buto Buto Galak                                   ; Kahiyang Ayu
Langgeng Music Digital ; Petis Manis                                       ; Intan Chacha
Langgeng Music Digital ; Suwe Ora Jamu                                     ; Vera Fitria
Langgeng Music Digital ; Ngenteni                                          ; Lintang Kairo
Langgeng Music Digital ; Ojo Gendakan                                      ; Hani Kusuma
Langgeng Music Digital ; Kusumaning Ati                                    ; Nanda Sari
Langgeng Music Digital ; Ojo Digondeli                                     ; Intan Chacha Feat. Lek Doel
Langgeng Music Digital ; Ojo Sembrono                                      ; Nanda Sari Feat. Jagad Pramudya
Langgeng Music Digital ; Sakit Rindu                                       ; Intan Chacha feat. Lek Doel
Langgeng Music Digital ; Lintang Ndalu New Single                          ; Nanda Sari
Langgeng Music Digital ; Rondo Kempling                                    ; Intan Chacha Feat. Lek Doel
Langgeng Music Digital ; BALEN                                             ; Hani Kusuma Feat. Jagad Pramudya
Langgeng Music Digital ; Bengawan Sore                                     ; Nanda Sari
Langgeng Music Digital ; Rujak Asmoro                                      ; Intan Chacha feat. Lek Doel
Langgeng Music Digital ; Liontin                                           ; Vera Fitria
Langgeng Music Digital ; Udan Deres                                        ; Nanda Sari
Langgeng Music Digital ; Sarung Lawas                                      ; Intan Chacha
Langgeng Music Digital ; Susu Murni                                        ; Hani Kusuma Feat. Lek Doel
Langgeng Music Digital ; Blitar Banyuwangi                                 ; Vera Fitria
Langgeng Music Digital ; Kumpul Kebo                                       ; Intan Chacha
Langgeng Music Digital ; Gandrung | New Single                             ; Lek Doel
Langgeng Music Digital ; Gelo                                              ; Nanda Sari
Langgeng Music Digital ; Selingkuh                                         ; Intan Chacha Feat. Lek Doel
Langgeng Music Digital ; Tembang Pilu                                      ; Jagad Pramudya
Langgeng Music Digital ; Bung Karno Putro Fajar                            ; Hani Kusuma
Langgeng Music Digital ; Mulih Jam Piro                                    ; Vera Fitria Feat. Lek Doel
Langgeng Music Digital ; Ninggal Katresnan                                 ; Nanda Sari
Langgeng Music Digital ; Ireng Manis                                       ; Intan Chacha
Langgeng Music Digital ; Ojo Neko Neko                                     ; Hani Kusuma Feat. Jagad Pramudya
Langgeng Music Digital ; Kangening Ati                                     ; Vera Fitria Feat. Lek Doel
Langgeng Music Digital ; Stasiun Blitar                                    ; Hani Kusuma
Langgeng Music Digital ; Resepsi                                           ; Nanda Sari
Langgeng Music Digital ; Gelangmu | New Single                             ; Intan Chacha
Langgeng Music Digital ; Kembang Randu                                     ; Hani Kusuma
Langgeng Music Digital ; Sandiworo Tresno                                  ; Nanda Sari
Langgeng Music Digital ; Larang Udan | Panase Kok Koyo Ngene               ; Intan Chacha
Langgeng Music Digital ; Sri Huning                                        ; Vera Fitria
Langgeng Music Digital ; Bali Kumpul                                       ; Hani Kusuma Feat. Jagad Pramudya
Langgeng Music Digital ; Tresnoku Lan Tresnomu                             ; Nanda Sari
Langgeng Music Digital ; Kepranan                                          ; Vera Fitria
Langgeng Music Digital ; Jatah Wengi                                       ; Intan Chacha Ft. Lek Doel
Langgeng Music Digital ; Malem Minggu                                      ; Hani Kusuma
Langgeng Music Digital ; Sesangganku                                       ; Nanda Sari
Langgeng Music Digital ; Gondal Gandul                                     ; Intan Chacha Feat. Lek Doel
Langgeng Music Digital ; Tombo Kangen                                      ; Irenne Ghea
Langgeng Music Digital ; Tanjung Perak                                     ; Vera Fitria
Langgeng Music Digital ; Kembang Rawe                                      ; Nanda Sari
Langgeng Music Digital ; Kapilut                                           ; Intan Chacha
Langgeng Music Digital ; Dewo Tresno                                       ; Hani Kusuma Feat. Jagad Pramudya
Langgeng Music Digital ; Janji Terakhir                                    ; Irenne Ghea
Langgeng Music Digital ; Waru Doyong | Sego Pecel Lawuh Tempe              ; Vera Fitria Feat. Lek Doel
Langgeng Music Digital ; Kitir Sumilir                                     ; Nanda Sari
Langgeng Music Digital ; Cewek Gaul                                        ; Vera Fitria
Langgeng Music Digital ; Sarip Tambak Oso                                  ; Intan Chacha
Langgeng Music Digital ; Ngrusak Ati | New Single                          ; Nanda Sari
Langgeng Music Digital ; Jago Kluruk                                       ; Vera Fitria
Langgeng Music Digital ; Janjine Mletre NEW SINGLE                         ; Intan Chacha
Langgeng Music Digital ; Keno Godho                                        ; Nanda Sari
Langgeng Music Digital ; Tresno Bojone Uwong                               ; Vera Fitria
Langgeng Music Digital ; Goro Goro Bojoku Lungo                            ; Intan Chacha
Langgeng Music Digital ; Tetesing Tresno                                   ; Nanda Sari
Langgeng Music Digital ; Kangen Rindu                                      ; Deni Kristiani
Langgeng Music Digital ; Sejuta Cinta                                      ; Vieta Aprilia
Langgeng Music Digital ; Kembang Probolinggo                               ; Nanda Sari
Langgeng Music Digital ; Kitir Sumilir                                     ; Irenne Ghea
Langgeng Music Digital ; Jaman Wes Akhir | Bumine Goyang                   ; Vera Fitria
Langgeng Music Digital ; Turi Turi Putih                                   ; Irenne Ghea
Langgeng Music Digital ; Sluku Sluku Bathok                                ; Intan Chacha
Langgeng Music Digital ; LIR ILIR                                          ; Nanda Sari
Langgeng Music Digital ; Joko Tingkir Wali Jowo                            ; Irenne Ghea
Langgeng Music Digital ; Saben Malem Jumat                                 ; Vera Fitria
Langgeng Music Digital ; Tombo Ati                                         ; Intan Chacha
Langgeng Music Digital ; Padang Bulan                                      ; Nanda Sari
Langgeng Music Digital ; Alamate Anak Sholeh                               ; Irenne Ghea
Langgeng Music Digital ; Wali Songo | Sunan Gresik Maulana Malik Ibrahim   ; Intan Chacha
Langgeng Music Digital ; LAMUNAN                                           ; Irenne Ghea
Langgeng Music Digital ; Sinden Anyar NEW SINGLE                           ; Intan Chacha
Langgeng Music Digital ; Kelaran NEW SINGLE                                ; Vieta Aprilia
Langgeng Music Digital ; Kidung Tresno NEW SINGLE                          ; Irenne Ghea
Langgeng Music Digital ; Fotomu                                            ; Vera Fitria
Langgeng Music Digital ; Tatu Ati                                          ; Deni Kristiani
Langgeng Music Digital ; Loro Tresno                                       ; Irenne Ghea
Langgeng Music Digital ; Ati Kesikso                                       ; Intan Chacha
Langgeng Music Digital ; Melatiku                                          ; Deni Kristiani
Langgeng Music Digital ; Telaga Sarangan                                   ; Vieta Aprilia
Langgeng Music Digital ; Rondo Gantungan                                   ; Intan Chacha Feat. Lek Doel
Langgeng Music Digital ; Tondo Moto                                        ; Deni Kristiani
Langgeng Music Digital ; Melati Rinonce                                    ; Irenne Ghea
Langgeng Music Digital ; Mawar Biru                                        ; Intan Chacha
Langgeng Music Digital ; Trimo Dadi Rondo New Single                       ; Irenne Ghea
Langgeng Music Digital ; Rondo Teles ( Dudo Manis )                        ; Intan Chacha
Langgeng Music Digital ; Angenteni                                         ; Deni Kristiani
Langgeng Music Digital ; Loro Asmoro                                       ; Irenne Ghea Feat. Lek Doel
Langgeng Music Digital ; Janjiku                                           ; Vera Fitria Feat. Lek Doel
Langgeng Music Digital ; Jalak Putih                                       ; Deni Kristiani
Langgeng Music Digital ; Iseh Tresno                                       ; Irenne Ghea
Langgeng Music Digital ; Lilo Ora Nyono Ora Ngiro                          ; Intan Chacha
Langgeng Music Digital ; Nonong                                            ; Deni Kristiani
Langgeng Music Digital ; Lingsir Wengi                                     ; Irenne Ghea
Langgeng Music Digital ; Trenyuh                                           ; Vieta Aprilia
Langgeng Music Digital ; Ilange Gelang Kalung                              ; Intan Chacha
Langgeng Music Digital ; Gemantunge Roso                                   ; Irenne Ghea
Langgeng Music Digital ; Leda Lede                                         ; Deni Kristiani
Langgeng Music Digital ; Bathukmu Semlenget                                ; Vera Fitria
Langgeng Music Digital ; Tanjung Perak                                     ; Vieta Aprilia
Langgeng Music Digital ; Wegah Kelangan | Jujur aku isih sayang            ; Irenne Ghea
Langgeng Music Digital ; Iki Weke Sopo                                     ; Intan Chacha Ft. Puguh MD
Langgeng Music Digital ; Ojo Lamis                                         ; Deni Kristiani
Langgeng Music Digital ; Taman Jurug                                       ; Intan Chacha
Langgeng Music Digital ; Setyo Tuhu                                        ; Irenne Ghea
Langgeng Music Digital ; Bojo Biduan                                       ; Intan Chacha
Langgeng Music Digital ; RUNGKAD 2 | Tiwas wes all in tapi endinge nyakitin; Vieta Aprilia
Langgeng Music Digital ; MANUT PUSAT                                       ; Intan Chacha Feat. Irenne Ghea
Langgeng Music Digital ; Rasah Nyangkem 3 | Senengane rasan rasan          ; Deni Kristiani
Langgeng Music Digital ; NEMU Kowe sing paling ngerti marang kahanane ati  ; Intan Chacha
Langgeng Music Digital ; Wuyung                                            ; Ina Alah Alah
Langgeng Music Digital ; Blitar                                            ; Intan Chacha
Langgeng Music Digital ; Nyidam Sari                                       ; Ina Alah Alah
Langgeng Music Digital ; Kasunyatane                                       ; Singgih MD
Langgeng Music Digital ; Yen Ing Tawang Ono Lintang                        ; Ina Alah Alah
Langgeng Music Digital ; Mas Joko                                          ; Niken Salindry Feat. Nizar Fahmi
Langgeng Music Digital ; Ojo Dipleroki                                     ; Intan Chacha Feat. Singgih MD
Langgeng Music Digital ; Kesengsem                                         ; Vieta Aprilia
Langgeng Music Digital ; Kelinci Ucul                                      ; Ina Alah Alah
Langgeng Music Digital ; Prau Layar                                        ; Intan Chacha
Langgeng Music Digital ; Lewung                                            ; Ina Alah Alah
Langgeng Music Digital ; Ngimpi                                            ; Niken Salindry
Langgeng Music Digital ; Panggodane Katresnan                              ; Vieta Aprilia
Langgeng Music Digital ; Omah Suwung                                       ; Niken Salindry
Langgeng Music Digital ; Lakon Tresnaku                                    ; Puguh MD
Langgeng Music Digital ; Rinujit                                           ; Ina Alah Alah
Langgeng Music Digital ; Rondo Banyuwangi                                  ; Intan Chacha Ft. Lek Doel
Langgeng Music Digital ; Janda Baru                                        ; Vieta Aprilia feat. Puguh MD
Langgeng Music Digital ; Grajagan Banyuwangi                               ; Niken Salindry
Langgeng Music Digital ; Wiso Tresno                                       ; Ina Alah Alah
Langgeng Music Digital ; Rondo Anak Siji                                   ; Niken Salindry Ft. Lek Doel
Langgeng Music Digital ; Cunduk Mentul                                     ; Diva Dwi Rianti
Langgeng Music Digital ; Bandul Kunci                                      ; Niken Salindry
Langgeng Music Digital ; Bojo 4                                            ; Intan Chacha Ft. Lek Doel
Langgeng Music Digital ; Loro Ati 2                                        ; Vieta Aprilia
Langgeng Music Digital ; Ninggal Katresnan                                 ; Niken Salindry
Langgeng Music Digital ; Ora Tau Mulih                                     ; Ina Alah Alah
Langgeng Music Digital ; Pepeling                                          ; Intan Chacha
Langgeng Music Digital ; Nutupi Laraku | Versi Campursari                  ; Ina Alah Alah
Langgeng Music Digital ; Rasah Nyangkem | Versi campursari                 ; Niken Salindry
Langgeng Music Digital ; Rungkad | Versi Campursari Pargoy                 ; Ina Alah Alah
Langgeng Music Digital ; Kembang Wangi | Versi Campursari                  ; Niken Salindry
Langgeng Music Digital ; Raiso Dadi Siji | Versi Campursari                ; Niken Salindry Ft. Nizar Fahmi
Langgeng Music Digital ; Ati Nelongso                                      ; Irenne Ghea
Langgeng Music Digital ; Manis                                             ; Diva Dwi Rianti Ft. Nizar Fahmi
Langgeng Music Digital ; Podang Kuning                                     ; Deni Kristiani
Langgeng Music Digital ; Kepranan                                          ; Intan Chacha
Langgeng Music Digital ; Sesideman                                         ; Intan Chacha
Langgeng Music Digital ; Pedut Pasar Ngunut                                ; Dewi Ndaru
Langgeng Music Digital ; Sri Huning                                        ; Irenne Ghea
Langgeng Music Digital ; Lintang Asmoro                                    ; Lek Doel
Langgeng Music Digital ; Kedanan                                           ; Intan Chacha
Langgeng Music Digital ; Dewo Tresno                                       ; Lek Doel Feat.  Dewi Ndaru
Langgeng Music Digital ; Lencir Kuning                                     ; Deni Kristiani
Langgeng Music Digital ; Sambung Wanci Dalu                                ; Diva Dwi Rianti
Langgeng Music Digital ; Gelang Kalung                                     ; Irenne Ghea
Langgeng Music Digital ; Kembang Probolinggo                               ; Dewi Ndaru
Langgeng Music Digital ; Karangkates Ninggal Tresno                        ; Deni Kristiani
Langgeng Music Digital ; Dadi Ati                                          ; Diva Dwi Rianti
Langgeng Music Digital ; Imbangono Katresnanku                             ; Irenne Ghea
Langgeng Music Digital ; Roro Jonggrang                                    ; Intan Chacha Feat.  Lek Doel
Langgeng Music Digital ; Lali Janjine                                      ; Deni Kristiani
Langgeng Music Digital ; Tembang Kangen                                    ; Irenne Ghea
Langgeng Music Digital ; Ande Ande Lumut                                   ; Intan Chacha Ft. Nizar Fahmi
Langgeng Music Digital ; Gubuk Asmoro                                      ; Deni Kristiani